,0,price
0,Large 60 L Laptop Backpack UNISEX Water Proof Mountain ...,₹569
1,Medium 30 L Laptop Backpack Fierce waterproof laptop ba...,₹466
2,Medium 21 L Laptop Backpack 15.6 inch Laptop,₹439
3,Medium 25 L Laptop Backpack Trendy Backpack College sch...,₹255
4,Large 35 L Laptop Backpack Large Backpack with USB Char...,₹736
5,21.65 L Backpack BRAT,₹669
6,Large 35 L Laptop Backpack Spacy unisex backpack with r...,₹692
7,Large 60 L Laptop Backpack UNISEX Water Proof Mountain ...,₹486
8,Large 41 L Laptop Backpack Spacy Unisex Bag with rain c...,₹734
9,Large 45 L Laptop Backpack Medium 45 Liters Laptop Back...,₹395
10,21.65 L Backpack BRAT,₹659
11,Large 35 L Laptop Backpack 35L Laptop Backpack spacy un...,₹414
12,Medium 30 L Laptop Backpack Backpack For College School...,₹389
13,15.6 L Laptop Backpack 1,₹439
14,Medium 30 L Laptop Backpack Laptop Backpack With 3 Comp...,₹525
15,Medium 30 L Laptop Backpack 30L LAPTOP FAUX LEATHER WEE...,₹5
16,Large 33 L Backpack RIDDLE 1,₹879
17,Large 35 L Laptop Backpack Spacy unisex backpack with r...,₹692
18,Large 32 L Laptop Backpack orthzone Unisex 15.6 inch 25...,₹56
19,Large 41 L Laptop Backpack Spacy Unisex Bag with rain c...,₹776
20,Medium 30 L Laptop Backpack Backpack For College School...,₹389
21,Medium 22 L Backpack FLEX 22L BACKPACK BLITH,₹809
22,Medium 29 L Backpack Mist Sch Bag,₹949
23,15.6 inch Expandable Laptop Messenger Bag,₹75
24,Large 38 L Laptop Backpack EXTRA LARGE 38 L HIGH QUALIT...,₹795
25,Large 35 L Laptop Backpack COMFY KHADI LARGE 35 LITRES ...,₹419
26,Medium 30 L Laptop Backpack ASHPER CB,₹749
27,Medium 28 L Laptop Backpack Trendy unisex backpack,₹5
28,Large 35 L Laptop Backpack Backpack | Laptop Bag |Offic...,₹499
29,45.792 L Laptop Backpack SEEK 45L 21 OB BLK,"₹1,699"
30,Laptop Bag Sleeve For 15.6-16 Inch Laptop Case Cover Pr...,₹298
31,Small 18 L Laptop Backpack Wate Resistant Office & Trav...,₹599
32,Large 35 L Laptop Backpack Large Backpack With USB Char...,₹659
33,Large 35 L Laptop Backpack Spacy unisex backpack with r...,₹589
34,Large 38 L Laptop Backpack Large Historage backpack Tra...,₹712
35,Small 20 L Laptop Backpack Medium 28 L Laptop Backpack ...,₹57
36,Medium 25 L Laptop Backpack Premium laptop messenger ba...,₹449
37,Large 38 L Laptop Backpack Large Historage backpack Tra...,₹755
38,Medium 30 L Laptop Backpack Elegant expandable laptop b...,₹489
39,Large 32 L Laptop Backpack Waterprrof expandable camo l...,₹552
